,value_eur
0,943.1080677201321
1,266.59757683041727
2,936.6882392848946
3,804.8589154657159
4,730.8940540866953
5,786.8702691851252
6,605.4250458800569
7,244.08001046248583
8,189.49496883985273
9,866.3414358503904
10,725.1394025958332
11,213.20428276094904
12,615.0933658744016
13,447.5464814142238
14,158.65516996309393
15,531.8571093571644
16,281.51909246641725
17,96.24412415757155
18,466.9582985454108
19,590.1085520935618
20,46.90641038115051
21,402.0927494109968
22,257.6619198366853
23,30.650590707232418
24,125.6625496115058
25,139.03415881837756
26,182.87424811797115
27,803.3775714379212
28,439.49186647813923
29,147.08599227038687
30,100.29696692788926
31,297.94045872903905
32,798.0155187044523
33,364.45984793964345
34,159.89736029393808
35,404.1161815461599
36,555.3115572870576
37,29.58418363801385
38,627.6418014401731
39,395.1007530147893
40,9.725875131194384
41,673.8893989463809
42,712.3876355626481
43,628.8397885586828
44,341.93021759842225
45,529.6048540659611
46,387.15770613343534
47,700.6217301596944
48,583.5801862336887
49,81.79911382744976
50,643.0935582189974
51,687.2384143378015
52,370.7021806146994
53,875.7857809597044
54,843.0143548449627
55,175.16652389973785
56,904.2663084858685
57,440.8723714950775
58,723.7496526342934
59,814.097006967236
60,505.1124210696899
61,399.1019393708157
62,915.4513686150983
63,230.8535529354232
64,256.9700777191445
65,361.6203140134371
66,859.4657779705656
67,938.7882642130759
68,220.06771475486187
69,863.8701476312453
70,258.2029594685693
71,970.6412467498881
72,597.4078919815823
73,7.086467447382394
74,34.12990407117788
75,147.48453080470847
76,187.57315781875673
77,767.6191228265966
78,222.76587641694988
79,969.1416200498599
80,636.1120572029383
81,692.5175092535177
82,217.8165192852075
83,892.7063140950847
84,667.8145728199314
85,864.4056243418638
86,956.481097231227
87,125.64097710959643
88,96.58723026894566
89,803.4078265896358
90,866.1260590941703
91,583.7614208779856
92,366.0005477505206
93,652.6296360752237
94,305.66407259245733
95,238.38569215346817
96,488.1452095272655
97,216.15382760637968
98,483.7036083151729
99,956.6065054635719
100,839.7840356173905
101,941.6309195000223
102,806.3289748473585
103,354.75093594627674
104,812.0452385515591
105,922.915743553214
106,947.0357878370545
107,683.1978506849971
108,211.36664381511315
109,39.72915336469085
110,147.20022816015577
111,965.5469178939454
112,462.0968241927694
113,854.9860148320575
114,465.0441535582911
115,660.8175834598394
116,24.140777122333645
117,249.86494271936678
118,436.26928004258923
119,630.6310471541632
120,171.52118805317852
121,764.55146427049
122,364.40470613623734
123,817.4352692338845
124,97.9690903950673
125,679.7565876823719
126,293.3283332065102
127,795.3831741226179
128,402.17042704241055
129,665.3496322635665
130,934.3052686364734
131,20.626632013764358
132,11.116782334373632
133,770.2792521767135
134,646.3930515080781
135,292.97972050443263
136,494.3967027742624
137,41.935665598868745
138,192.44560536124078
139,424.49637452716746
140,834.0444162214823
141,479.6671828600848
142,586.3625045259787
143,873.7537919937804
144,308.8189135888453
145,700.6993211020559
146,861.6672586782533
147,202.61570069617673
148,356.4781651478325
149,979.810173889355
150,983.218564796211
151,223.22993029393788
152,66.44583889262812
153,270.92161131005287
154,397.7319573036873
155,441.0056009311637
156,618.8063073304236
157,899.5027601315464
158,330.34801190716246
159,849.9845354992085
160,93.47892092662691
161,41.87469897321472
162,504.04518312346124
163,59.66222333060489
164,392.4898012342302
165,896.7781168692344
166,241.48303620747336
167,705.9757751249032
168,302.36539239006686
169,44.920055242135604
170,556.6905814103094
171,834.8534905367517
172,409.4684483426194
173,617.2938264580871
174,900.0235976577259
175,789.6945127369878
176,193.8763993928193
177,733.3839593650058
178,501.893025160152
179,745.9668078860847
180,494.5155505222182
181,127.95816410830285
182,569.9094466892392
183,492.1339923973399
184,517.9217336414417
185,878.9024536458703
186,894.8370467062514
187,453.53710676571836
188,455.73204128008837
189,515.1869588726161
190,519.589278334257
191,950.3871441791126
192,649.4004673774934
193,277.45699488794395
194,531.5367969539899
195,627.2235829079829
196,639.7717210139646
197,585.2542262381827
198,177.73615462153737
199,33.59318907950748
200,337.8430523668544
201,427.52215456025357
202,61.80423957608661
203,814.9673380198461
204,344.07743751027374
205,913.6327461785047
206,154.41010784226518
207,56.93495693731343
208,482.3161043863218
209,189.12933682570664
210,937.3992755778612
211,10.303398453738954
212,412.619675059035
213,926.7477713451683
214,384.4182067297683
215,93.10928060046075
216,302.89494286178706
217,498.01039383443344
218,185.1516873433331
219,466.5617051432619
220,836.3431957858375
221,872.617970196613
222,49.26073471073211
223,160.9033580525735
224,275.29013576680416
225,594.8658508876018
226,360.9947587924671
227,844.0409134460755
228,716.6718682829376
229,100.45602311350821
230,624.5575025120912
231,113.01262534697842
232,255.03566963646009
233,177.87063353422806
234,173.06194920070496
235,616.3955247768592
236,563.6049225541615
237,176.02815278772687
238,990.1728054184318
239,421.8367323682938
240,97.06932815493663
241,120.56901695511513
242,583.8937137265947
243,979.0694033834728
244,571.9511016191979
245,949.0414766166372
246,444.1328507580268
247,435.841103652012
248,500.00735931588224
249,697.4254581555552
250,367.61596645133267
251,863.886032678957
252,29.281384768146236
253,439.7641950284423
254,510.99184997991784
255,607.0322382630961
256,276.0719123658633
257,427.47997098583534
258,484.53775021405664
259,686.9099786832132
260,773.544184735814
261,737.8273273437871
262,341.5830522895853
263,999.4505229919636
264,848.6653117871795
265,260.0233731449689
266,195.10580567282753
267,314.0212505833905
268,452.3448529996449
269,850.7993783196139
270,778.3622637945344
271,851.2461235058761
272,271.95711491032847
273,593.4612224518362
274,283.24906227737443
275,109.02316071949313
276,684.1977434746807
277,142.99755119543877
278,667.6977617064714
279,647.9643049054091
280,810.248444424017
281,139.5546045635644
282,783.4801485088109
283,999.276525946237
284,851.0424485859022
285,751.8120763276662
286,662.1653546947076
287,421.7814846854294
288,730.5001678916022
289,724.1780351404532
290,631.4982826872882
291,796.2783782978285
292,448.7638884268347
293,121.25271213239064
294,559.0677276092374
295,265.0435287113426
296,384.4330974291502
297,17.414903941226022
298,382.79058791788333
299,808.8011061354547
300,542.7223669382548
301,9.800526933971042
302,469.8438202398473
303,291.45164764540743
304,477.5506553971711
305,404.69272144787703
306,931.9792195573815
307,41.17729896301581
308,683.5880112819323
309,851.0265963017415
310,959.2385846504754
311,177.63622654429588
312,531.3048019661938
313,43.58957731721191
314,499.1835244550885
315,125.45808954098192
316,837.8966746987135
317,113.87000260536485
318,513.2883603864952
319,521.0960689927538
320,971.6504979316054
321,654.9806940388881
322,287.8402930768019
323,240.79930993813846
324,128.2482056450649
325,756.5147240490595
326,690.7566561823386
327,609.877127308106
328,40.84044294998834
329,762.8288663942944
330,641.8875771484792
331,963.8888681104884
332,587.2021298768121
333,303.9519066617081
334,381.52055218932026
335,175.84070537823249
336,722.9141822013852
337,707.7216600217254
338,200.65001547767625
339,158.4893231822786
340,77.0049332021946
341,911.9757436817586
342,233.06983369485113
343,344.16352675180394
344,280.50450837749065
345,413.62460261079104
346,714.0487993824834
347,870.5956337262844
348,182.59874952854017
349,686.4123437411652
350,352.56214224248515
351,980.5271682972929
352,298.91915928407684
353,7.192956007859963
354,515.6399740198452
355,150.73108427593775
356,44.494426818399106
357,698.2692319477085
358,732.2592825084565
359,460.6990131165025
360,676.8855167565773
361,538.2394482471339
362,629.8011077219317
363,596.7039731879612
364,665.8227640555924
365,199.63064867317127
366,268.7066200367002
367,439.963149507692
368,446.1280094191864
369,774.4117115869043
370,367.39365922953203
371,162.50515605918235
372,251.4659704910759
373,214.7335023842284
374,731.660019256022
375,470.33961462598205
376,708.6306979709834
377,416.2196807576269
378,889.7356025039052
379,983.5203077227346
380,669.8425087026117
381,863.8125572362188
382,507.93326717206264
383,934.620840353908
384,831.586485672828
385,991.7785717660391
386,623.0937353277806
387,779.2067402682286
388,542.8681399782134
389,259.12010427142286
390,354.75517112975774
391,894.0054147313161
392,55.94794659862057
393,591.4798860744081
394,372.48403250410865
395,386.6925380055557
396,884.5712064137673
397,853.8223745462266
398,598.8423755724687
399,272.9188474043339
400,475.45634616202403
401,408.29339378921605
402,353.6180292024953
403,102.78557855729642
404,543.1138867153204
405,301.8312978744836
406,660.8079429275284
407,319.2039358255307
408,431.16349313480174
409,52.360374194407534
410,992.5380699054776
411,507.6103832751758
412,24.237594164172815
413,541.230658761144
414,870.3539993056497
415,772.5521342662026
416,700.9066841294541
417,139.4646545990349
418,657.7370789874724
419,766.2983780122603
420,572.4190639654965
421,892.7490045203516
422,276.98978178488545
423,242.14469973925057
424,869.569744942646
425,625.3982429914524
426,1.447220520999326
427,353.13140851105254
428,857.8559858146745
429,27.31951164174329
430,3.247928261508881
431,281.25929052512976
432,914.0000370092779
433,901.4775814700163
434,518.7619458015079
435,553.2368711396226
436,332.00801131718885
437,243.73666202780987
438,815.2218542121183
439,106.29486049964143
440,487.35437087863573
441,634.3972594970845
442,103.68029037102922
443,519.6070954723461
444,577.5212879124432
445,742.4960605073649
446,234.83604914753286
447,293.3275032907583
448,569.5211466330335
449,983.1264099816142
450,217.49318282011444
451,985.903827123464
452,714.3425330544812
453,826.0820696300232
454,89.64126823633922
455,300.42018743063227
456,57.73627965098105
457,371.54699500317525
458,981.2896599200519
459,105.27306220633848
460,562.3727823711995
461,6.070622813812321
462,712.6828160440627
463,197.19269237204108
464,129.58453712476293
465,337.0178121607876
466,771.0442979389816
467,106.61308631121081
468,229.83899579869538
469,8.464421617309537
470,968.414862695618
471,592.1455999888639
472,719.8996363846994
473,651.3831711560146
474,144.36455886967437
475,594.9399389939941
476,131.41559514126212
477,401.23645396312793
478,568.963135925293
479,558.881114102156
480,119.07342598274096
481,34.43596964652218
482,798.2343138738138
483,725.9224369960053
484,81.81890456473806
485,127.41551880155345
486,892.5837763896203
487,769.12890162178
488,996.1602962166742
489,253.9874492050217
490,487.8029888688149
491,236.4595760623557
492,622.8001384773097
493,115.41423909131798
494,127.2431727430331
495,71.88789140512264
496,693.586082264167
497,494.0725774332068
498,617.73121635463
499,879.301046589359
500,740.3284847553587
501,461.722918166691
502,984.3559883942264
503,456.25610114197326
504,112.4506732335332
505,992.654747252716
506,22.8207300148473
507,549.8835594877521
508,309.0954886997093
509,503.5521510169848
510,558.7129525945215
511,240.0958962784876
512,556.8587557372618
513,756.0611120055374
514,266.50983724399833
515,383.4261333139071
516,268.2426931640579
517,820.5597309882024
518,724.9822592095967
519,871.1964372184074
520,170.0498929016593
521,73.57963815975155
522,119.38350385867335
523,161.01833282423638
524,533.0826606748024
525,970.9120703627648
526,357.23541661678206
527,958.5082693602052
528,38.20079498917972
529,926.8722028146583
530,181.15260730497118
531,912.4749857193489
532,56.22743011546116
533,948.2194474950326
534,200.79826431886084
535,302.7140600731607
536,490.94234410295815
537,380.7208812354752
538,667.52796926315
539,974.8077672500773
540,606.4264908049407
541,721.4854094365493
542,88.0052503057015
543,627.8124290700054
544,453.8497770464132
545,885.7823579196283
546,388.211099643102
547,679.4541440499191
548,228.1537282590791
549,259.372533524196
550,376.1224309222736
551,304.0635375065027
552,253.87883939007483
553,49.66870590080929
554,836.746331752459
555,64.30153089128432
556,887.3655156029677
557,125.46538906806026
558,65.26173706265904
559,563.0047639806971
560,502.4417925747218
561,491.2345688318851
562,574.5043275013978
563,287.05660611915573
564,662.9492734296111
565,502.40221970718324
566,334.74346695732527
567,826.500666980728
568,727.7210963267102
569,393.61034194462195
570,847.6177852288728
571,920.2582501117741
572,536.8662670843624
573,214.95245015692078
574,915.7921565469869
575,189.47962009551722
576,48.42322641726915
577,327.4870088731309
578,726.9663444610399
579,923.2740863535495
580,637.2856468144399
581,951.83854696666
582,92.37083927589663
583,60.75372958802006
584,604.191950743664
585,966.1163224927548
586,502.721308954724
587,51.51522593930513
588,221.21865607745616
589,244.79290641577066
590,337.85712913695
591,43.60338358621263
592,904.8927004979163
593,515.5639447214952
594,670.930792954109
595,67.17283689500897
596,54.115467803649395
597,586.4677720405472
598,887.2960105042081
599,528.482000959547
600,877.8191725700715
601,810.9912730552393
602,75.85378579492075
603,201.9574743856899
604,657.7106691553424
605,443.50138255004157
606,290.6998136469206
607,418.63385604797907
608,445.19964627063433
609,910.5522508215965
610,103.45828370495302
611,279.730746807615
612,537.5648165827139
613,698.2869266305917
614,630.6372889592436
615,941.6427377373944
616,795.6089248194733
617,557.0768419744303
618,214.68269167350752
619,450.8742314022398
620,693.3822441944774
621,837.962174836085
622,959.7362244223874
623,605.4527661379177
624,526.9193673044324
625,17.691923121148314
626,72.09906915017994
627,156.10499763740026
628,54.75993118962808
629,400.8632388049265
630,336.87854513887214
631,637.3541578683929
632,535.6651079334027
633,595.9707593878597
634,471.9772029376541
635,277.73714855425715
636,952.8253149464771
637,86.40915976013896
638,938.8909994653072
639,311.23804686473466
640,512.6614453672975
641,108.84232282754613
642,70.93106837100926
643,429.54544871860287
644,741.6973763796782
645,269.36477754854894
646,562.34788893532
647,278.65034052281834
648,388.6130608930408
649,906.4463184738247
650,855.8396254949196
651,516.0175434176299
652,238.10562747207877
653,193.18391273302282
654,954.0873530357143
655,202.7165965106875
656,808.1683109125391
657,368.97020953553726
658,985.6598475582383
659,368.15574036278787
660,351.5166249107261
661,637.4636288776231
662,961.5168066268193
663,976.2096057964329
664,707.2061464669852
665,754.6063656363536
666,563.4021759730276
667,755.7757391323319
668,859.7796549704966
669,486.09530319502323
670,619.8622628301031
671,537.3166952330477
672,562.4706135286772
673,890.0479098739409
674,355.61683020557024
675,208.1840256006242
676,456.28011027362913
677,208.08519048126516
678,498.40042566201913
679,903.5081053570586
680,617.4335204824778
681,855.4328533030778
682,166.1909196155118
683,900.8735925371768
684,601.7871644071158
685,31.7597887404798
686,633.1189552850368
687,951.3969562609179
688,79.16700047536207
689,582.4561304695721
690,915.4786028697147
691,9.69516833437456
692,630.9129264658231
693,474.90229183096267
694,346.9893186486106
695,627.536489945376
696,52.70209458741692
697,753.0630462874002
698,4.479476919707626
699,306.93574379235224
700,503.9586376846784
701,377.0222505665517
702,307.47593520558246
703,830.8351454680961
704,934.8325742719089
705,873.7126849058888
706,522.4313130499996
707,884.1641751934831
708,920.8615651815437
709,409.238397047462
710,283.4458595054454
711,98.26520581332032
712,479.09192104922903
713,946.2969204384414
714,560.9075280703711
715,667.5621017861716
716,112.88381849184759
717,143.51966414225626
718,464.4732619596725
719,951.2647989837258
720,360.7846415915289
721,877.4840413175335
722,120.28859342571153
723,617.0172069337101
724,600.6129769105182
725,859.8747500702685
726,3.316704404901505
727,189.93166719757215
728,219.68762542948173
729,949.9660880907373
730,153.69365626989494
731,36.96235022056038
732,534.461494741808
733,528.5584624336816
734,844.0469653678642
735,948.859650177802
736,538.5454421401311
737,929.9941824196554
738,725.1591512998297
739,264.559127995585
740,928.4207109439263
741,667.4431761818747
742,414.0959327426338
743,680.2420845169307
744,401.31282774375086
745,114.18376798795926
746,718.9787471768998
747,824.0876121707438
748,728.8061990193877
749,229.11466775667654
750,956.6350134776129
751,25.25456169115592
752,332.6852973756406
753,260.0924345348955
754,48.12622761485097
755,405.72969298866843
756,623.1148401627745
757,882.5528634851013
758,989.6897161914701
759,808.0895864043981
760,468.6805187128248
761,723.7044259670307
762,843.6237885896408
763,465.3071964186814
764,785.0544340254999
765,482.65241831287676
766,386.4959908767227
767,526.0908377837612
768,675.8547376271449
769,726.8820563185974
770,356.73626889210783
771,571.3202515560348
772,909.870874080447
773,976.3129001106397
774,227.2480911839545
775,192.83116571334148
776,676.6856334286485
777,414.68388582344386
778,24.222338418137035
779,346.86187064728415
780,806.7447434722521
781,797.4269303831826
782,494.6851488165819
783,472.5779348875353
784,579.5074424343775
785,219.39671056357602
786,526.0436248909555
787,11.046360056648385
788,475.5595547831337
789,336.05104625059255
790,674.8696059036596
791,638.3535841526276
792,380.835880182809
793,7.272981478591567
794,252.27362939496047
795,633.3478501891623
796,72.37334301750454
797,107.64242183346384
798,647.0350245670871
799,755.7674009492923
800,321.5497080127121
801,489.67306551656185
802,945.7113649836585
803,945.5435621759694
804,307.5027744634301
805,809.9878750170902
806,593.9440528068588
807,975.48449335038
808,477.6135697110965
809,774.7068680155616
810,768.137129614871
811,497.43286763307617
812,795.6301142973078
813,261.0403333069965
814,122.25303629022888
815,425.16374465531624
816,943.6306566335847
817,500.74460820252875
818,635.259138646927
819,624.1624559078754
820,132.57286726953043
821,390.2968823772103
822,706.9389729218748
823,971.9900985807262
824,168.01773829702614
825,410.44189033911624
826,95.09379980272936
827,242.37645964925602
828,376.75934332615026
829,540.6432479523504
830,230.56688223908094
831,227.56266117868574
832,777.8299791402038
833,962.6416629468813
834,323.6129677514562
835,687.9920186356802
836,258.08046135792074
837,927.952254965632
838,672.9023601653982
839,802.67685463757
840,49.354043199164806
841,598.5059682406246
842,527.6123313583822
843,292.996906911532
844,262.42998505731805
845,580.0248023169697
846,706.4856350072251
847,33.17275703518896
848,567.4015819237044
849,170.45952894662864
850,140.36273138610056
851,623.1194880946846
852,310.870117217473
853,440.880233134864
854,359.9988094397729
855,648.3363201525237
856,470.11976606646886
857,963.4586620379475
858,352.3827591064653
859,740.2843402628351
860,257.2925675830445
861,508.7530926261469
862,552.569751901957
863,329.1092810627322
864,471.7805289126291
865,279.27863789849215
866,6.000781673981992
867,215.64830163787875
868,700.0641724932007
869,770.963024485377
870,280.20286713891994
871,408.0429988180719
872,37.36566013861109
873,237.06290109768057
874,779.2192833722992
875,605.9862702650572
876,205.7705219543714
877,257.44199512243216
878,816.8020229895602
879,209.08420294490082
880,334.1577258471312
881,664.3586916546443
882,561.1123857080786
883,460.87020523381426
884,899.7410909797443
885,219.71046271505168
886,741.4198908629999
887,159.06384061818335
888,615.7338334821452
889,870.6235634113132
890,457.90178547813787
891,724.2945071913289
892,820.3933529989882
893,136.02642487760275
894,705.8268952821101
895,919.8410239886763
896,576.3706098555442
897,186.12224452875603
898,126.94253158894297
899,259.7353304667479
900,103.51326901668256
901,513.3940715850474
902,69.70468270673457
903,223.40462463622646
904,439.91044391221436
905,473.91475040202147
906,565.3984851469645
907,705.6149627507266
908,47.22863966546753
909,80.62095217578324
910,60.859151804780744
911,423.1503154649103
912,41.84794488293431
913,746.0812668313263
914,223.00018103847785
915,939.2124932899587
916,486.4037550971114
917,446.32575244220163
918,780.5386926395003
919,713.1539838929912
920,607.3090409481429
921,935.14670625037
922,422.259260987077
923,808.5316757722865
924,380.09294574581855
925,838.3456742961049
926,259.47462896596863
927,289.26707283603247
928,677.8695340174539
929,212.71329495179637
930,229.15418702542877
931,305.2624290174147
932,678.9287696603759
933,889.3880924232319
934,674.5676511269867
935,827.8142443441252
936,543.5605896944697
937,68.92322134514528
938,100.46621150850066
939,554.3919783669154
940,327.80096864210964
941,220.56807363694264
942,466.2569273026208
943,666.4967409043015
944,384.99194773585845
945,802.5422571573416
946,738.5232465713937
947,734.9148821595668
948,985.1896896773885
949,295.2299773716348
950,644.7255863408951
951,855.4783401603136
952,579.5244339139109
953,789.5021761153927
954,414.45218583991226
955,590.4913456548046
956,55.66639280432828
957,985.7676058248134
958,800.0184814484172
959,868.8090716314495
960,694.294278142946
961,186.05003280869948
962,31.028442418032263
963,864.6566077360136
964,396.3306537361231
965,263.8648760399199
966,561.6729588389444
967,420.89852247571935
968,651.665995687557
969,483.7932330545136
970,697.2331404402706
971,853.423269509143
972,195.55701095578902
973,329.4328805654868
974,436.8155865706389
975,962.0584480276382
976,365.3336135474853
977,381.09984959262954
978,653.4725229595612
979,419.19970988994925
980,951.2237456396052
981,894.4687604754439
982,513.408777775673
983,644.7752339478499
984,58.03056188362055
985,695.7305280323981
986,707.2008729490323
987,359.1992956432081
988,219.68288362527267
989,915.0784018170167
990,426.7049008051277
991,653.7061048017107
992,33.32879497625596
993,414.0671665768363
994,817.25881101388
995,387.57600040071503
996,603.1611601368768
997,209.85580048453946
998,416.52564883955955
999,927.6377180531866
1000,566.4517497010372
1001,901.9314590929315
1002,902.0192994895433
1003,944.1478004244796
1004,895.3916600801053
1005,3.281129010300643
1006,934.0148915815969
1007,137.4594390853764
1008,39.926251111150556
1009,55.38853457805282
1010,348.9161951764336
1011,620.8040852687936
1012,402.3111965189975
1013,25.554284649379476
1014,476.4826341747147
1015,442.1307422703801
1016,756.8492655016469
1017,279.61289842543835
1018,217.53117379436716
1019,255.93895767662622
1020,303.739822629848
1021,599.1648733671665
1022,471.52548545207986
1023,336.8945651790579
1024,374.3141582836784
1025,370.92366015897613
1026,972.4066947103174
1027,232.99698805295256
1028,818.0615602722586
1029,708.210837588187
1030,5.570005603550587
1031,993.1762181254879
1032,756.4393706335736
1033,682.4495863507914
1034,405.32470767663733
1035,555.2030889142897
1036,253.2708956674702
1037,35.483405145697475
1038,836.0216584459729
1039,896.4844936811717
1040,162.47063661423988
1041,787.056095845733
1042,741.1526732856587
1043,178.37500193609046
1044,421.8288025747938
1045,422.75792083410334
1046,759.9642583052484
1047,837.6609057760554
1048,94.77512139137102
1049,562.969234904203
1050,761.7484969288853
1051,786.1905940651585
1052,147.9935244304089
1053,525.5051431507941
1054,857.5587063627029
1055,318.51857658528417
1056,425.11689891179714
1057,804.3585113363324
1058,89.31952118376229
1059,859.4932898889782
1060,311.156716730809
1061,1.4503165911271543
1062,234.15914505635826
1063,89.50064089550646
1064,92.38490699624413
1065,692.8357341425915
1066,213.9763356390648
1067,934.7423629769825
1068,516.4445465913041
1069,460.09825795491855
1070,434.2835182201517
1071,692.5876396716318
1072,452.26276252360844
1073,128.60035622519183
1074,880.1721806407566
1075,428.39534892565865
1076,74.00457569950247
1077,529.3659874977611
1078,647.3468584557033
1079,275.5824641577586
1080,800.3404076738423
1081,669.7758460373637
1082,650.3411692644335
1083,420.8249528677942
1084,961.9153014112878
1085,274.18916794924763
1086,577.7055010154526
1087,309.05515747261757
1088,744.804752971554
1089,47.79148387012144
1090,45.89386787504923
1091,810.8609695187914
1092,434.2681610636711
1093,341.18005460035573
1094,607.5268621753385
1095,701.8993438689736
1096,201.2013468444066
1097,185.43124140473154
1098,958.1507477598815
1099,589.6643063845694
1100,390.1164772942681
1101,801.4416946695064
1102,525.1589587779172
1103,241.66281037458137
1104,206.73530564157383
1105,396.8592661698217
1106,859.8958602598797
1107,61.44791604425892
1108,218.52600075476315
1109,893.1518188525914
1110,121.7345689692505
1111,629.6257182641683
1112,213.5113681210251
1113,605.8668475118883
1114,383.1041668442321
1115,101.67689643099187
1116,582.4750675541064
1117,683.042747084586
1118,680.2726189658028
1119,637.0344090727095
1120,500.22478093554577
1121,519.4726168593256
1122,635.6401098079596
1123,690.259361746641
1124,654.8767388313851
1125,586.9455649134518
1126,155.8389848041184
1127,210.61653849286176
1128,260.22402103534836
1129,919.6616570875022
1130,759.3950917969665
1131,552.8668195368782
1132,252.05692854404683
1133,110.89152324417117
1134,898.7592259799748
1135,892.6660158229171
1136,110.69559569569154
1137,797.216666096496
1138,446.6450693099126
1139,323.96693283054015
1140,739.1045362087071
1141,614.3295410607305
1142,780.0301075933373
1143,74.3288606329371
1144,318.5870199574564
1145,319.31685041673575
1146,329.7530922877655
1147,502.47987264380544
1148,283.01380308094735
1149,444.3836100875197
1150,367.7775931154158
1151,735.2960480205113
1152,603.5007956750501
1153,653.6294323173154
1154,210.58389408264443
1155,325.5021653268894
1156,21.165447612074285
1157,108.37470729316989
1158,265.05423198888735
1159,65.46372130202104
1160,602.6324003547024
1161,998.1301159238253
1162,100.81521406538852
1163,821.2302126692651
1164,118.81624726514717
1165,669.914018796436
1166,643.1576030590171
1167,902.7169348111993
1168,113.94561368051237
1169,315.4444660818978
1170,90.7797603546857
1171,407.3833258044338
1172,911.5931735574449
1173,781.5231510618561
1174,722.9001004453191
1175,533.027504862702
1176,883.4857423355229
1177,449.44179824132834
1178,149.68566710063826
1179,837.5852231207792
1180,279.63832805172683
1181,53.633541024448064
1182,126.03803066879138
1183,609.0589161941482
1184,607.0819639211725
1185,260.1831710820345
1186,727.1801479459791
1187,773.6401553995344
1188,920.5026261336183
1189,584.9374986782369
1190,779.4233641475729
1191,753.0996797716338
1192,257.8090484671929
1193,310.2259279376594
1194,478.4823957528714
1195,19.038967529248495
1196,297.3977731577235
1197,473.88287334423796
1198,108.06929528114372
1199,126.27588777512544
1200,463.2367357373411
1201,730.9650315859312
1202,833.7489309206832
1203,546.3138975047485
1204,474.74898754673114
1205,384.2805684597552
1206,192.94899243760622
1207,146.56200281436472
1208,791.8964516618081
1209,465.00663221233617
1210,790.3202454797547
1211,704.0830359006297
1212,193.89591438337882
1213,510.30726421122574
1214,444.0166304226807
1215,423.87350609069676
1216,542.5710492038138
1217,982.0819010754379
1218,812.9005976707452
1219,903.7124316303916
1220,29.639583176037544
1221,140.33636679250594
1222,84.7636602245635
1223,263.23100506527663
1224,441.8924919666505
1225,642.0532476558895
1226,500.83126628660204
1227,903.1839149131398
1228,939.8559588938638
1229,163.5209511974589
1230,852.912920264785
1231,481.722204013301
1232,453.32947131738433
1233,784.9393484845682
1234,93.14050904487658
1235,882.4931274191465
1236,670.8633545476147
1237,875.2616076579978
1238,994.4775777076228
1239,518.0044523572533
1240,93.26219790892898
1241,166.5238629308865
1242,323.6182425543099
1243,103.55294213470955
1244,815.3418261377699
1245,296.8678510327685
1246,975.8861880198652
1247,702.5914319318557
1248,173.43037025555762
1249,476.04264694394027
1250,466.8842216333211
1251,492.5116583336339
1252,535.6911706429356
1253,31.17308231773086
1254,686.3011257436234
1255,487.19177528844324
1256,790.965398868699
1257,815.3495732604306
1258,230.53512199171743
1259,48.4229464267778
1260,703.2338561123225
1261,977.7627884638744
1262,446.6579865809011
1263,259.6128095935958
1264,156.67189458348096
1265,287.4455973905851
1266,327.9195513714498
1267,423.8747434344645
1268,655.4071232145865
1269,273.1630560802271
1270,50.97676346867597
1271,373.27861157271957
1272,855.6296161590757
1273,498.3515108518838
1274,964.7837577454098
1275,503.62153108873173
1276,275.8988169218478
1277,193.31399724521458
1278,694.5244967855764
1279,536.3812857774363
1280,603.9989289954415
1281,755.1267893341311
1282,725.9034642648929
1283,43.363300168226985
1284,802.5719052950282
1285,532.7033070517115
1286,391.70853081477264
1287,537.5194262680703
1288,612.451448457325
1289,149.506309873797
1290,417.415395326445
1291,335.58621018818377
1292,350.40894481803844
1293,91.33493840730821
1294,159.8434880002304
1295,161.83206758622137
1296,373.22474322164777
1297,894.4915448747915
1298,206.02737192094267
1299,416.1925076748045
1300,311.6094152991379
1301,787.3833125513381
1302,50.12643232081615
1303,196.5433955358904
1304,210.64154235479438
1305,992.9628003132312
1306,570.7750179663036
1307,138.9582643835182
1308,272.19913927656546
1309,167.82209412292426
1310,124.60456961944799
1311,797.1820284078925
1312,495.75262866035484
1313,631.2101368487813
1314,331.251246991996
1315,553.6950860673294
1316,257.5690325236971
1317,308.03627492823483
1318,652.237944366733
1319,150.35012591923024
1320,617.2218591674618
1321,852.2348164231273
1322,120.42322618076906
1323,897.461280569979
1324,79.44568029889498
1325,348.909226955873
1326,610.5093152379945
1327,559.4147601185368
1328,96.39107249443346
1329,798.913167785853
1330,973.1532931452527
1331,181.2282891837701
1332,895.1309698154628
1333,556.8094421117505
1334,935.9337712453274
1335,176.08595841676112
1336,792.0213931794245
1337,59.781575445331136
1338,883.1964468027264
1339,674.1594221996337
1340,370.2547839224301
1341,190.46682349785016
1342,816.5330985672048
1343,603.2413213948116
1344,360.4158529480014
1345,443.83582480251624
1346,826.5426560723765
1347,338.9271933568677
1348,89.6326781099287
1349,911.2821722034728
1350,387.34373965803456
1351,348.3875111152135
1352,204.39961887593938
1353,897.4225712283455
1354,217.50533368783385
1355,636.6728680013837
1356,880.7650116081029
1357,34.913614603217404
1358,828.7917053001958
1359,410.5994216897745
1360,657.9745752652119
1361,372.40456322555394
1362,695.5162563474939
1363,254.29491455769914
1364,21.930542435396273
1365,947.7875147879536
1366,16.367764040082776
1367,824.099289633507
1368,169.1375933224738
1369,392.2202286020279
1370,822.4923765060557
1371,205.93215031234536
1372,865.7076055250358
1373,497.7589391019014
1374,366.15346271727657
1375,662.4377467363362
1376,341.3897219809575
1377,347.28835899635703
1378,733.5263909383032
1379,309.83222453910787
1380,200.7726483544251
1381,807.6461279965721
1382,805.3710337272317
1383,497.58570370686925
1384,526.6556161629551
1385,696.0766257676386
1386,509.27429176243345
1387,417.03995896923254
1388,994.8941932967458
1389,147.64042785255893
1390,592.7279792398607
1391,885.8630260756603
1392,687.2150411811148
1393,880.9232990882384
1394,336.3347203546726
1395,271.99297626023923
1396,851.2723869021047
1397,394.1145761854605
1398,709.6823230573112
1399,147.74857841411426
1400,755.8381253766747
1401,548.9826490248694
1402,268.6116399104609
1403,494.50396395890505
1404,696.9436258397035
1405,11.886408847383677
1406,637.4670588141295
1407,541.5907782732744
1408,220.2861677467326
1409,752.9810739761967
1410,303.4609846332011
1411,276.86093154656476
1412,471.2183489993227
1413,676.1496784223648
1414,928.8459758762544
1415,141.35724313210397
1416,396.46812075173364
1417,66.98959251262993
1418,758.5507474717424
1419,447.7328896813607
1420,706.9291351881851
1421,322.1944239762873
1422,844.3172414063234
1423,534.8280782401147
1424,943.6078218236551
1425,78.81463914403419
1426,514.2768245420743
1427,766.4552459976986
1428,600.1526480736147
1429,23.194140426842758
1430,972.3386783438808
1431,298.2636930758984
1432,249.27786636638206
1433,485.65987560657953
1434,542.1581075233489
1435,766.2881375898254
1436,393.2736576589891
1437,439.9603764622122
1438,534.959915933831
1439,394.38709974164067
1440,914.548079101156
1441,851.2519666342522
1442,454.97369507787835
1443,0.19486233731713654
1444,900.9344955292806
1445,124.33657343946524
1446,244.5124151940462
1447,152.3612843653982
1448,179.81556998102377
1449,802.8775378898347
1450,579.5014416659242
1451,956.0951631253484
1452,231.45351232371647
1453,485.634908131234
1454,977.42836908247
1455,826.4435142747697
1456,728.6156791204911
1457,188.97520137079192
1458,769.4054009097161
1459,347.5651225959178
1460,530.5368970467576
1461,609.1612130395401
1462,609.3637115242541
1463,726.5234719135165
1464,661.7020926422056
1465,68.37087931058983
1466,457.34702594910726
1467,664.0216067199792
1468,295.9929821657287
1469,313.05668721638966
1470,124.56754775461553
1471,418.61498597485536
1472,986.8304343061747
1473,285.3193612880374
1474,531.4368926860981
1475,743.2372527790843
1476,13.497270884270662
1477,900.439559598299
1478,386.5501847249385
1479,869.1159867109823
1480,38.94765889947804
1481,145.66355186367585
1482,322.5294544775592
1483,345.46177306327877
1484,847.7942230280165
1485,11.201115388235205
1486,641.1117764696795
1487,131.31243617855026
1488,823.2156507110494
1489,778.5732659579123
1490,499.9210274112006
1491,212.68722551237516
1492,634.4953909655563
1493,156.25831765764565
1494,190.02379259265345
1495,626.6899022253577
1496,991.2284460886244
1497,891.0608372525462
1498,593.107357683677
1499,538.5367687674237
1500,998.3848800081086
1501,547.3971476338937
1502,420.11652195944396
1503,909.5555357753415
1504,234.18429586928823
1505,97.52599029680897
1506,634.0900343618304
1507,95.849633768749
1508,373.1485369529601
1509,423.57738558172053
1510,547.5380670492332
1511,991.6595457479623
1512,220.98172333318078
1513,375.75637850691203
1514,132.240124410658
1515,607.6135260332347
1516,727.6731823078335
1517,482.07682323587886
1518,245.83126828997104
1519,620.8882691817477
1520,539.1577233688495
1521,171.18572340371773
1522,405.68190050213025
1523,435.1970916351949
1524,982.617753771433
1525,849.2858321555218
1526,734.3707882735938
1527,888.7770255029475
1528,735.484405828715
1529,903.4018551257334
1530,54.55311487950798
1531,456.06620926691653
1532,746.8983352418336
1533,583.2957966100136
1534,175.16616415078667
1535,340.49208652853423
1536,317.77437502669125
1537,261.346913184336
1538,343.1355535139661
1539,514.853288461121
1540,854.869024783276
1541,742.0326623937564
1542,835.2497040162336
1543,883.6037445630864
1544,416.1504560976073
1545,346.0262840267472
1546,57.623381684161814
1547,930.4916218764344
1548,65.82301793814393
1549,741.1355153704704
1550,378.1083044655872
1551,948.7807744991864
1552,419.60202093412903
1553,816.6083513547164
1554,282.6548321636766
1555,299.08871724384665
1556,595.5194098784342
1557,997.9826337074737
1558,517.5724179791963
1559,936.3086363932905
1560,786.2498282487278
1561,795.8643141772349
1562,435.9599891287641
1563,386.54225017280066
1564,191.92180809081538
1565,963.9412669836536
1566,959.3936124438201
1567,747.0677343101828
1568,296.25244985266954
1569,245.17954034228217
1570,988.6102423869629
1571,66.5428151081775
1572,843.564292141309
1573,355.4580004824747
1574,418.8697197272205
1575,831.9776487488372
1576,90.60301600535803
1577,354.16967852025715
1578,952.024277169573
1579,699.0659127712564
1580,754.9391648058904
1581,757.5053009554764
1582,60.570083163944524
1583,203.20759326043114
1584,491.2632560812118
1585,368.15023247537516
1586,410.9122931328535
1587,781.4473786256726
1588,14.679235067735274
1589,660.4919263212388
1590,0.11023180182245795
1591,63.058525576243696
1592,408.28611983762397
1593,840.9485198048214
1594,144.99576556446047
1595,554.6214091286116
1596,678.5052268267442
1597,229.53288417216055
1598,512.330255269583
1599,911.4072831381923
1600,512.2285253655327
1601,157.323061787648
1602,627.8142966875447
1603,592.200180008514
1604,26.95475979813122
1605,90.59440574756661
1606,156.78135514101078
1607,136.28907756186993
1608,259.4657705609331
1609,454.10532323556794
1610,371.7162978989844
1611,890.6498914045969
1612,612.109409406337
1613,876.1443499618431
1614,527.0393249175988
1615,89.87047068933995
1616,463.2874490664348
1617,822.0325468423649
1618,194.1037671671081
1619,91.21427875264976
1620,329.4347383382601
1621,388.8978306401396
1622,306.2576764059044
1623,135.240785624556
1624,250.83985972171453
1625,682.2824046021103
1626,385.9285162931639
1627,632.5494446185558
1628,536.3037799187325
1629,549.052939857669
1630,248.549557947796
1631,521.5430327681815
1632,23.594713863201775
1633,431.7437423249262
1634,572.622823189915
1635,181.9956213541093
1636,256.5585062489514
1637,219.5310198156194
1638,70.55795526542418
1639,347.85732114009005
1640,978.9657664519394
1641,353.8804064636101
1642,460.53662183697566
1643,653.0872509563752
1644,648.4977511691071
1645,949.8949800186242
1646,857.5641403991252
1647,793.9506871051523
1648,951.6272257783106
1649,230.7653854831716
1650,617.0541946217926
1651,887.1967667221563
1652,624.1381582781019
1653,977.4204746068696
1654,100.35271390637901
1655,439.3305027932003
1656,977.3629079086362
1657,379.5680285699258
1658,739.5563750993044
1659,30.40290107864918
1660,694.8371146303131
1661,934.6267325275785
1662,382.7062851900027
1663,21.299837926929467
1664,27.90980439548385
1665,892.023305711089
1666,722.5161070962617
1667,106.68638422657983
1668,54.590277051196566
1669,804.8253636154794
1670,809.860632805359
1671,120.52183979204901
1672,301.5204038886368
1673,780.0260645738896
1674,525.4120709540064
1675,956.5848607252993
1676,481.06264534600496
1677,676.9579375655126
1678,509.78336574158425
1679,942.9654956850458
1680,398.65909206760887
1681,229.79645517860004
1682,326.6338602809932
1683,852.7752041652292
1684,497.9385635121334
1685,354.25230350223904
1686,544.2600218094829
1687,133.22970727684236
1688,5.359304625596084
1689,280.5846836934908
1690,605.0057197835423
1691,711.6807696613872
1692,826.6109663519667
1693,926.6635593944696
1694,412.11234696476805
1695,740.5167995574546
1696,74.67293019806253
1697,57.52999877208009
1698,124.7979919861566
1699,448.56909783076236
1700,211.2814384987499
1701,286.9249419378158
1702,647.8801735123027
1703,358.522178802846
1704,557.3715577180221
1705,412.40375673659224
1706,168.96925551981957
1707,74.01999025589411
1708,236.23149530988786
1709,57.700469491044345
1710,618.6119598898069
1711,795.7176014661004
1712,339.74076823740086
1713,387.1110553523582
1714,816.1910627593066
1715,222.61291237356028
1716,119.16026519487421
1717,501.11811733108647
1718,646.1901695332372
1719,599.6544250464792
1720,713.8730452741809
1721,56.751182173023885
1722,428.20161275837285
1723,238.5705239456931
1724,759.1212595460241
1725,872.7304840603496
1726,281.3357408064149
1727,95.21807906940826
1728,253.42796199139684
1729,104.00848905891968
1730,322.4221661134538
1731,538.1985783218257
1732,973.6809543982065
1733,399.37025435135854
1734,220.03992385462112
1735,166.80174037083506
1736,173.039766138676
1737,192.5976832614592
1738,762.267022537447
1739,61.02771143241992
1740,997.4027069430341
1741,522.6863911662612
1742,544.2718943008257
1743,357.5638786996048
1744,690.2553594121205
1745,471.4563408807977
1746,329.06128496454977
1747,265.13840370804286
1748,925.6512069332596
1749,290.9895150524202
1750,436.393259429842
1751,350.34140211646826
1752,86.17882742803596
1753,185.93439448226712
1754,189.50197532638202
1755,693.6495143896549
1756,406.58540996580916
1757,781.9675630706586
1758,708.950924334157
1759,192.04976639603765
1760,562.9169201201006
1761,742.9088460488028
1762,633.042923475723
1763,600.0165080879809
1764,739.610887400768
1765,56.78073925630689
1766,731.4219473614329
1767,272.65526315342834
1768,571.8722545093541
1769,242.30499469650746
1770,838.8175722068377
1771,480.559354300756
1772,642.9412120249835
1773,794.082043476728
1774,895.3152550713644
1775,732.062097069341
1776,148.76857619040572
1777,854.5323695857865
1778,618.5779158655062
1779,609.4497583802736
1780,921.3405598049216
1781,248.83155566588312
1782,239.5876184940333
1783,513.1935546949619
1784,750.8630665348651
1785,447.24070822850916
1786,633.8913898924022
1787,452.5247242227188
1788,610.3871804869688
1789,822.2623026137111
1790,180.47669609092333
1791,695.3785340059841
1792,787.4257393381832
1793,447.11140748178246
1794,323.2335770678543
1795,13.544323924402079
1796,797.1050223340935
1797,327.93865903598805
1798,357.3094694080502
1799,336.00616309881224
1800,498.7393308123381
1801,702.4995732190771
1802,771.8631310005109
1803,392.5707204031583
1804,663.102035045169
1805,720.6842502713152
1806,296.9173316773815
1807,96.62146953709328
1808,894.6657206444625
1809,677.1159717815929
1810,648.1104088762914
1811,58.90251521197798
1812,817.8730575039265
1813,566.0541560860531
1814,847.8844173175661
1815,974.5611837367614
1816,957.1003208802421
1817,856.0893463902075
1818,10.9473738313689
1819,885.7272082369565
1820,75.0623138276455
1821,851.1939701767673
1822,280.1740686116236
1823,610.0683385333676
1824,38.06823114987967
1825,771.181696118228
1826,111.7061222329715
1827,410.68817167577186
1828,817.4460023253014
1829,695.3489965083352
1830,6.042696858066909
1831,403.0323345425488
1832,41.92751696450803
1833,673.4998608184692
1834,968.9484917533214
1835,655.2612623007592
1836,224.37243111755578
1837,355.2330320665401
1838,976.6505556584677
1839,224.05241203235005
1840,561.5290730544426
1841,400.45380868174476
1842,768.3152979282216
1843,867.3892719798871
1844,340.83727435029675
1845,660.3963636993826
1846,549.0476975177273
1847,278.4444900554334
1848,271.9408028130017
1849,538.631647532304
1850,154.0028735322998
1851,810.8098964824715
1852,69.00483920040202
1853,94.57448620831632
1854,342.22630892726755
1855,118.09175819713336
1856,475.7000212554925
1857,399.67589044187037
1858,721.809795885717
1859,953.0041552097204
1860,753.558584739126
1861,179.44866288060436
1862,935.521285464403
1863,392.1334325530672
1864,474.1893609269129
1865,421.57623737063557
1866,280.54702328771896
1867,895.0442877974839
1868,332.2388658966161
1869,578.5964696795463
1870,240.0335843743302
1871,797.3753747701804
1872,774.1986595291866
1873,296.31213844704394
1874,681.5540731434536
1875,703.8735330949497
1876,562.5114161047662
1877,600.5983822716702
1878,574.4546382907957
1879,81.86440399484563
1880,670.265344713785
1881,469.77500983869123
1882,438.4572805414135
1883,859.9992187818008
1884,23.22671346111771
1885,251.31491795875516
1886,121.40349984274634
1887,35.341044609725756
1888,275.6769976759476
1889,988.4762727946777
1890,270.2291732075738
1891,663.7058197957714
1892,118.29889004072147
1893,601.8476300472299
1894,984.4814831383133
1895,291.8375234604653
1896,848.0756163755829
1897,997.5713803665354
1898,588.554088720744
1899,309.40110042803536
1900,673.5312598991562
1901,844.8482062686188
1902,171.35024296197832
1903,452.5157638414533
1904,319.18771012384093
1905,283.3589969623799
1906,860.8212607401726
1907,421.6540068218385
1908,339.0763418039128
1909,603.5105414260137
1910,219.40157963738127
1911,229.89349056807896
1912,520.2887308715046
1913,409.27272864618413
1914,294.98238392232446
1915,53.9511322741022
1916,520.7742386385215
1917,816.6092056010751
1918,851.3772052860579
1919,235.43997972608022
1920,599.6412039474883
1921,855.8813094629404
1922,408.72592827626477
1923,932.1368173075285
1924,902.978529129553
1925,208.1338974188094
1926,258.96483290020376
1927,180.44199864596888
1928,196.0543514547023
1929,907.862087173498
1930,931.1379091926229
1931,51.89724118513095
1932,593.6033556722048
1933,564.2315628575716
1934,390.54764672445987
1935,631.697592823107
1936,947.36782551085
1937,170.25488272214616
1938,120.41090971645562
1939,33.390570828975676
1940,363.83330784014345
1941,337.628477077866
1942,430.8196881586439
1943,503.31003088094894
1944,757.8239940304546
1945,392.11339045751834
1946,330.61310936123357
1947,826.8788202596269
1948,849.7966706536564
1949,232.76596429335316
1950,314.6718227113083
1951,825.1163709100882
1952,79.40824429776482
1953,325.8467803907379
1954,448.3501070408612
1955,187.07161520057102
1956,179.91419661069818
1957,424.8620580135287
1958,754.5217247348556
1959,840.2329795476275
1960,979.2350925361734
1961,73.98405009171904
1962,216.68220114599268
1963,756.6298423841977
1964,540.5987060556619
1965,327.6797739624182
1966,205.58966124724353
1967,280.477551642448
1968,429.2889503009519
1969,177.15121950603273
1970,964.2259558767506
1971,107.58844459987438
1972,985.5774344892191
1973,841.8932860006726
1974,423.1516175137391
1975,739.8163343882102
1976,671.515243696386
1977,213.28691794893095
1978,339.0700861189464
1979,513.1225628054578
1980,637.8441798877269
1981,542.8949813566215
1982,472.98746100647384
1983,443.1522734549002
1984,498.2644992950179
1985,434.3515198459703
1986,541.330077545716
1987,887.9852990466668
1988,632.8293130546117
1989,722.6208749885401
1990,597.4831337307766
1991,643.0176824140023
1992,578.3498284481801
1993,26.866522195823194
1994,999.5983822000198
1995,33.60924021289669
1996,395.1480082336537
1997,105.11567829893342
1998,96.92845044093245
1999,793.5269516744836
2000,425.92577935807697
2001,801.1387082987649
2002,272.7864706808315
2003,256.46279180623475
2004,251.23138181446214
2005,616.1456264079193
2006,814.9993898456
2007,452.26101007524056
2008,379.24889064108237
2009,973.5795542016493
2010,116.7540360116388
2011,486.63268204489253
2012,408.48775318143436
2013,98.12659658689039
2014,268.2003620882192
2015,28.44121257911203
2016,876.954288982957
2017,607.8495289904012
2018,815.0184978702507
2019,521.5544524029898
2020,599.5098294218943
2021,700.8544778091649
2022,908.0116274642149
2023,91.75188782584576
2024,330.9483947357269
2025,709.0261907000005
2026,958.3505630013927
2027,980.8074284900055
2028,638.1030091372623
2029,193.59847775486728
2030,119.20891141395673
2031,946.0436442804254
2032,433.9276894625075
2033,194.8160332626848
2034,933.8925157776011
2035,104.52427156431187
2036,729.5710968570751
2037,625.2630275433341
2038,87.73466438089184
2039,338.74879563944216
2040,149.93068954001066
2041,604.4985925331613
2042,477.1130316774288
2043,4.275124660490959
2044,975.7105662839081
2045,349.5846498895404
2046,258.20439283704997
2047,222.44295579410266
2048,158.81589617356784
2049,999.1370762165099
2050,295.10946788160487
2051,405.51349722428165
2052,871.3559161780889
2053,641.8875035428781
2054,368.69441174527253
2055,898.328435923853
2056,749.7242022136002
2057,227.90050754169965
2058,643.7389945999205
2059,922.3984982924015
2060,496.4608784504125
2061,733.6124028316672
2062,971.1037439891592
2063,690.4141408952129
2064,102.43868976608061
2065,244.55955093128935
2066,595.096437342649
2067,275.5558153719061
2068,957.5417053891399
2069,405.35203402217377
2070,457.23040573236506
2071,701.6020934701172
2072,524.2497313418742
2073,382.1459668887683
2074,76.63787515457877
2075,596.4455895078638
2076,867.5800307940347
2077,685.7624417600562
2078,381.4950100469522
2079,127.7260646231294
2080,816.3381869042439
2081,941.7483622312047
2082,388.27299079626476
2083,728.6421891840615
2084,410.7634398907557
2085,502.2669388521994
2086,836.4763806164098
2087,83.42434221115357
2088,530.335348786705
2089,214.62027467122246
2090,339.8059454957624
2091,644.4288246422742
2092,27.22841233684836
2093,593.8250989731628
2094,283.44223945374966
2095,669.4843608080722
2096,141.58135191305422
2097,735.8116038161786
2098,645.6397197629782
2099,971.2418328803511
2100,911.235363258148
2101,283.3028631997023
2102,27.31657272543697
2103,655.3685611117578
2104,602.8873890046725
2105,27.428768766446066
2106,122.67752920259267
2107,584.7017045359855
2108,911.8272640434919
2109,906.5002765134069
2110,151.48505461207483
2111,384.57394640524956
2112,43.20286435217402
2113,469.27184636292907
2114,753.0834596732057
2115,789.9727113656114
2116,498.9894665965729
2117,95.86967470821838
2118,381.3639751815664
2119,932.1019599743644
2120,229.61255651971467
2121,319.7544499127265
2122,746.8271754630708
2123,733.5807888859381
2124,912.2022880249324
2125,388.1186907203754
2126,514.5987238742912
2127,467.3924612204776
2128,927.7521710224531
2129,769.3305888246348
2130,831.4417798338483
2131,133.0982688294109
2132,791.84669286816
2133,432.97876605749695
2134,23.338682830647105
2135,60.08835274328461
2136,677.9079397348445
2137,372.0124411459699
2138,868.1155732234804
2139,734.2731338758665
2140,21.68001166696176
2141,686.888311836002
2142,192.35247273235623
2143,422.5825687039121
2144,624.7352021229627
2145,872.7178412956929
2146,456.0978883919392
2147,808.4904541911344
2148,782.9656628006328
2149,414.5385128512583
2150,500.9801634329029
2151,700.4850100498131
2152,31.148434646939727
2153,890.811413799246
2154,769.8161594376934
2155,249.4158814023304
2156,981.1799531889756
2157,179.39035258961877
2158,914.0866737044017
2159,324.4734583231111
2160,763.1467101641358
2161,456.3765932479451
2162,736.4673874500022
2163,155.78304793936627
2164,269.5064583864828
2165,99.85782447202563
2166,865.1439814378032
2167,296.2929877694993
2168,694.4762294166634
2169,820.2211977415282
2170,901.4182363793459
2171,106.29711531171782
2172,893.0149335126125
2173,197.2527777307195
2174,736.9020115909616
2175,728.8490193646112
2176,8.503141740954234
2177,220.62390831025425
2178,491.9085146648673
2179,420.0347066632821
2180,918.5734798846096
2181,359.74086950252314
2182,936.9837148359624
2183,459.4293183925311
2184,964.3528966401658
2185,737.3548100248612
2186,829.3345916321559
2187,104.87688834900099
2188,586.1414332423678
2189,142.70035982935082
2190,297.6210020509741
2191,623.5654061672681
2192,726.2257046938909
2193,39.183782011250834
2194,530.9437310723647
2195,565.3139862898864
2196,78.82799711020117
2197,500.6880342007636
2198,713.8422800498265
2199,53.22728487553097
2200,760.267776323962
2201,576.4265049041368
2202,833.2272082717909
2203,218.06257285406994
2204,833.2736842131184
2205,94.56097526746798
2206,403.82969644467136
2207,199.48479152464847
2208,876.0208322908742
2209,704.9198163017738
2210,25.36177716072818
2211,9.52335561395612
2212,291.2492544816697
2213,143.2831142805654
2214,630.3044775601958
2215,663.7969338825598
2216,941.9509036613674
2217,952.0399245458409
2218,658.8967054113456
2219,5.675112852708719
2220,358.99791656961435
2221,513.1415132472662
2222,499.1797565084659
2223,603.3406295022266
2224,960.5514828047604
2225,885.1926919551538
2226,108.90803345048828
2227,265.98039139339323
2228,833.1094174196363
2229,824.306908819207
2230,275.37072412167095
2231,730.5880306861195
2232,672.0373787178573
2233,473.5239649699615
2234,201.45495267902936
2235,888.6431808940862
2236,677.8511843068347
2237,168.9929248783747
2238,704.8023448408608
2239,741.4337195769799
2240,886.8802851210406
2241,222.83925524193492
2242,988.7541054134066
2243,153.39342252692123
2244,600.6888918595831
2245,657.1765052734785
2246,418.95289526586055
2247,475.03770877038653
2248,890.9100967221374
2249,645.2742296654619
2250,497.00095823468627
2251,128.34956243352468
2252,7.337625223134636
2253,124.96861815183347
2254,956.1845674765053
2255,764.0867829913307
2256,967.1163275102477
2257,35.70870970817186
2258,680.2204038586392
2259,44.29352640341799
2260,782.0564688688232
2261,380.95017273519426
2262,95.76536010649484
2263,568.0466417875153
2264,280.1201966013881
2265,659.5739418718185
2266,658.1747595137904
2267,705.0074741207528
2268,992.465078777759
2269,386.6977099474054
2270,465.31547448510094
2271,804.6117010253408
2272,578.3700230218853
2273,37.257210687799635
2274,843.0785202598565
2275,51.49868193804097
2276,170.8201364917843
2277,102.0799669741872
2278,77.92713288112019
2279,25.684875304710197
2280,55.02771397236739
2281,442.43918917880995
2282,252.8522699826139
2283,126.53688341881875
2284,658.705542726526
2285,226.1119106342585
2286,18.949155344809455
2287,418.4197837673277
2288,310.4329919783051
2289,318.60443134649273
2290,445.2700281815615
2291,668.9139272342777
2292,616.479120037994
2293,937.2616097888755
2294,517.7166663025214
2295,472.5699097250722
2296,213.41443521689695
2297,755.3812888481568
2298,140.77577621428472
2299,491.1328898204841
2300,421.3221983874445
2301,658.3008784044032
2302,917.6214699566589
2303,946.5955914982225
2304,167.79926716315842
2305,261.8172182671782
2306,811.6353199647066
2307,518.2797624491928
2308,453.03456835573184
2309,710.6254523807058
2310,601.9249526069717
2311,970.7140544213346
2312,583.974652288267
2313,465.97382634725324
2314,542.8173620781756
2315,808.5398166969733
2316,612.6750567852208
2317,647.0480913867177
2318,971.438880036592
2319,618.3954844254573
2320,380.2852483345398
2321,691.3260270127965
2322,659.4593969773114
2323,13.847635506381906
2324,467.32929678583315
2325,742.9036028823994
2326,499.04145772112895
2327,779.6211359353894
2328,450.8836964276144
2329,983.3215976372358
2330,292.8915892038887
2331,92.12260814607353
2332,430.0118011540973
2333,541.709024873919
2334,349.0937316824615
2335,242.28116011795896
2336,672.058691385489
2337,377.12509985625206
2338,631.3685291006369
2339,779.0714485987759
2340,761.0026277600236
2341,375.3093106356913
2342,567.8982289501747
2343,449.6582244427424
2344,870.8052527096603
2345,878.7584797999992
2346,343.7415828880368
2347,91.73744787873073
2348,167.58248332401948
2349,367.00174213088377
2350,564.2499547629907
2351,656.7870109644292
2352,331.37104628600025
2353,667.4991196239857
2354,937.739983673756
2355,652.0141271689505
2356,158.56522944435125
2357,579.6689129776275
2358,541.8955167669827
2359,870.7001108984207
2360,350.30305521297436
2361,422.94561005668
2362,598.6590554864937
2363,524.4253117420254
2364,719.0165924051743
2365,40.388990912495814
2366,563.5160192069599
2367,121.67189300387527
2368,315.20899251972133
2369,661.6268615323904
2370,157.4142005921777
2371,308.8418355046289
2372,703.006482835312
2373,650.8052425268339
2374,91.03966920973805
2375,577.2684934923238
2376,147.25446191863944
2377,252.27137871449267
2378,459.2112786357787
2379,109.34682329818912
2380,993.6469679185668
2381,165.36956105400114
2382,781.3126284286044
2383,829.8388450232251
2384,994.4639698960013
2385,428.6532178522684
2386,874.09452013934
2387,957.539439016851
2388,172.89414489466714
2389,479.4360890595326
2390,60.010818856087724
2391,620.7240120242016
2392,581.4061568565663
2393,204.12628466319717
2394,797.9027588941261
2395,37.26872276353988
2396,806.227324127557
2397,26.64529116386738
2398,656.8288121363503
2399,78.76951391490128
2400,251.22551931232294
2401,721.9133493118359
2402,280.4047996253868
2403,511.17384871773476
2404,915.2482695201144
2405,49.634354036578344
2406,811.0797937356735
2407,65.27199856848954
2408,126.79484433667665
2409,119.31910388921085
2410,994.1022832107261
2411,180.18631933153338
2412,896.7618462562682
2413,990.9321629465542
2414,383.784770412298
2415,631.0485435286854
2416,779.0912537636126
2417,392.64508183620825
2418,161.8141404978073
2419,433.7627437925612
2420,771.8876450029446
2421,780.762762748403
2422,230.53879217091333
2423,174.96563989074653
2424,920.5607021003497
2425,43.99903055831056
2426,734.7384757650868
2427,46.421385446754
2428,837.9000508609878
2429,905.4148133361019
2430,297.419124229099
2431,73.93564351669757
2432,480.6845363474286
2433,298.4630367454768
2434,417.13614281037906
2435,664.9854534886803
2436,209.82603594871696
2437,356.9515695140864
2438,782.5624902926737
2439,643.7619499528216
2440,326.27549115123867
2441,664.3016002599286
2442,765.3129228919667
2443,592.4855809527875
2444,239.4968325010085
2445,0.24529051199306817
2446,802.8491069882814
2447,822.6335553161645
2448,697.604501394362
2449,76.58093136761379
2450,585.2222875080462
2451,821.0206712716073
2452,389.66832010816563
2453,198.00073422025412
2454,587.6272972414706
2455,826.306627300878
2456,48.869958707065564
2457,596.9512171607357
2458,643.173795339342
2459,602.3670393482796
2460,650.0336842370485
2461,631.3753076041545
2462,130.40388498034906
2463,234.93677694891534
2464,618.9940052890101
2465,17.693161136770776
2466,634.7445187232445
2467,665.386623785032
2468,239.1747598616585
2469,598.1328297531396
2470,534.0900607237645
2471,260.6915481531138
2472,462.97401187475464
2473,909.6245294121816
2474,426.60278045988287
2475,629.8441768795017
2476,35.3508210406942
2477,77.8001133220988
2478,81.30807330331847
2479,778.2407636264454
2480,350.25689480345267
2481,227.61168836581336
2482,747.3245684517227
2483,169.96006255617445
2484,246.49252507028064
2485,430.93144327002085
2486,331.43806901461323
2487,585.3922110366443
2488,337.8406190748476
2489,392.9516358588919
2490,862.8866082494859
2491,884.5314396280024
2492,827.7111908134075
2493,864.8309327046326
2494,569.728669339117
2495,646.2332147513839
2496,557.1731665549405
2497,785.5880840529201
2498,551.0004857614442
2499,111.07696455078053
2500,809.5801204568598
2501,760.5851706775364
2502,820.3005952826253
2503,190.42946338976185
2504,271.61705271496703
2505,295.75169726353
2506,508.0805361856736
2507,133.87708416345978
2508,385.3817532748673
2509,182.1581610790296
2510,264.7627130327365
2511,706.3876345584273
2512,854.8111563172811
2513,22.905866597183856
2514,565.8969633550004
2515,36.05976206226713
2516,85.24924501155029
2517,705.0840346141091
2518,735.6081065021166
2519,813.9806731727988
2520,474.24151177030495
2521,859.8074820161881
2522,166.83829164162432
2523,249.71641363500262
2524,134.50214760197133
2525,797.5372605818766
2526,228.67511838661892
2527,155.51124275829565
2528,623.1106875880562
2529,77.0820263606744
2530,44.90027722017253
2531,106.71764855245891
2532,0.24088398716759496
2533,696.9901542217924
2534,562.2353217144787
2535,209.8751090377239
2536,233.00494797759586
2537,810.9685984700396
2538,501.8201158603004
2539,698.5283570817396
2540,452.7554512749156
2541,237.71802602079228
2542,970.4028006829069
2543,565.6475633753975
2544,130.9819037679124
2545,406.09004218390675
2546,329.3374119469007
2547,214.08746858852135
2548,933.4399892402595
2549,880.9199954597525
2550,199.1471165201164
2551,352.14788905551677
2552,762.3153916708217
2553,208.50604814021568
2554,591.5648626042445
2555,699.7939421248166
2556,653.9723257107663
2557,706.4086402755005
2558,706.699589028763
2559,964.8059198489284
2560,346.4988895203196
2561,878.5904243758396
2562,21.80706251510678
2563,288.2029633232832
2564,48.65578199913156
2565,651.2039599558402
2566,100.79037073161956
2567,845.7068636520463
2568,646.5916837902598
2569,28.815401053605694
2570,714.777365434623
2571,862.034947256961
2572,661.1210076621494
2573,30.524215935032185
2574,857.9195484604065
2575,732.463912934035
2576,378.4513124839842
2577,328.63025831550266
2578,479.8201814074401
2579,867.1017509378709
2580,252.05935186955753
2581,100.96381124120113
2582,864.6363729610499
2583,26.289848880722943
2584,910.9970222440645
2585,305.74519430140066
2586,508.22270168826765
2587,132.29552475222806
2588,902.2549693766853
2589,749.8362233844047
2590,924.1555866080342
2591,683.2290511181625
2592,184.69377674232612
2593,308.26700298624934
2594,486.84857510347337
2595,607.258205360207
2596,926.4594373362737
2597,383.951465789139
2598,703.0720219071459
2599,961.0088489108218
2600,152.374063415453
2601,862.7095887795482
2602,420.7060703931986
2603,732.4217759293367
2604,293.5383387370837
2605,333.98421826600156
2606,27.13322486806613
2607,971.4041531669596
2608,813.4525752307844
2609,93.91795792622048
2610,999.5087956637744
2611,605.0245972029414
2612,853.728637964383
2613,66.66076327786897
2614,389.45117849192366
2615,669.6511223036099
2616,106.43371869970153
2617,488.9028386540006
2618,442.67787454414156
2619,216.04022447357974
2620,300.2698358518022
2621,967.1183544949824
2622,288.648486009936
2623,213.42613396841102
2624,536.2091710683335
2625,670.9580340702979
2626,725.0931110695649
2627,754.2471844969161
2628,36.832491514753094
2629,393.7604003795633
2630,773.9580797830902
2631,904.8521018001294
2632,602.2001233327833
2633,52.306853509685666
2634,396.6458058551312
2635,74.22711586845465
2636,748.5378626845845
2637,63.50546928166523
2638,185.73106673517725
2639,416.9584239647742
2640,462.64836711487203
2641,406.4817003150123
2642,463.396646606
2643,713.2391520201999
2644,369.2688229555415
2645,547.7504591506191
2646,303.36925752873225
2647,353.6274950904826
2648,613.7989590420808
2649,490.49465163702
2650,723.0362948592812
2651,560.5385880517497
2652,803.5740853838729
2653,443.40821299471656
2654,491.0336198668015
2655,669.9713489009396
2656,221.24394441204888
2657,385.9295369312609
2658,624.8412440117078
2659,28.876269265736386
2660,436.9714336339416
2661,598.8499363061168
2662,967.3755319781978
2663,877.0165616176712
2664,280.74195294265814
2665,507.2101040289248
2666,56.4143726600913
2667,240.75441481780712
2668,774.8558680680901
2669,123.31401227534455
2670,257.6905248339566
2671,944.042501735808
2672,823.855800492458
2673,781.8277126489121
2674,864.5574903021568
2675,749.6056865823539
2676,120.58621611823494
2677,516.5613264852313
2678,444.243920802322
2679,311.15157827038007
2680,834.0404097196055
2681,464.13920237423366
2682,60.29760135754969
2683,274.9655837202682
2684,228.6210580294451
2685,887.4788848112836
2686,647.4381006389999
2687,560.3762658820751
2688,506.64924167870504
2689,650.1130275414655
2690,754.8755467771248
2691,554.3847058315099
2692,938.2854151526105
2693,976.8341706503846
2694,995.342316608823
2695,669.3911100886447
2696,932.6204667558784
2697,404.47969530795467
2698,859.5923912473853
2699,909.1742987396809
2700,904.1404723322755
2701,830.8462829083816
2702,406.5991616412504
2703,158.90748198073433
2704,333.95635634444585
2705,767.288569298093
2706,232.88551132997526
2707,478.2720648259724
2708,565.399517984672
2709,603.8585624378753
2710,935.7255483787986
2711,661.4930204143176
2712,786.2988160773023
2713,581.8783478916334
2714,833.5803188619633
2715,263.66361306976285
2716,209.87767166878925
2717,926.3200487579697
2718,693.4808763573784
2719,671.5255770582212
2720,467.2952386284499
2721,376.6972592935105
2722,555.6911944786387
2723,120.56634942166711
2724,454.71256108310774
2725,455.3677044654809
2726,538.3365129442652
2727,634.6856143672023
2728,957.3183659853621
2729,652.1691270917569
2730,883.7251519534115
2731,556.3038614691637
2732,626.9278826274898
2733,69.8369531095696
2734,133.26372288441556
2735,579.6704351975396
2736,395.7128699580292
2737,798.8105198655018
2738,543.177874874176
2739,882.2910389513379
2740,972.3316784622913
2741,147.635185121485
2742,394.82775165562657
2743,664.9810252380308
2744,305.4887554003497
2745,267.03233772149514
2746,813.7385606288367
2747,980.3784690587429
2748,773.8033312474813
2749,523.6766228041135
2750,442.5112319453147
2751,539.647720530365
2752,462.83970218773584
2753,502.8880567856681
2754,203.45305052922768
2755,903.7419493093277
2756,754.5350015232681
2757,680.9774226932201
2758,949.9249709744731
2759,284.394331912838
2760,81.15941089361422
2761,826.1386603553317
2762,998.416963649255
2763,578.4324380201994
2764,58.80938791268186
2765,780.4680401549411
2766,73.74904884584154
2767,540.0139862592812
2768,277.5324742105271
2769,915.0267805923954
2770,451.331213259485
2771,898.4633484785534
2772,299.08108525456754
2773,387.3625838213512
2774,947.1191882470805
2775,201.31445093163535
2776,578.5011516511452
2777,388.51032856011136
2778,774.1668850687273
2779,129.2963711713574
2780,437.2149690046685
2781,698.9326268452631
2782,407.0162350061598
2783,58.531739275376694
2784,705.1122613353439
2785,503.1983276849831
2786,11.308686680100543
2787,612.6558952283731
2788,919.8810225287865
2789,111.02594821168898
2790,590.671235009169
2791,728.6688817626303
2792,70.77367014030544
2793,22.615458164186307
2794,464.1958666449473
2795,791.1866872343638
2796,160.71941009932834
2797,836.6372722149229
2798,656.5772554235962
2799,332.17328778848565
2800,515.8257984924495
2801,965.5749797267384
2802,216.43697063233878
2803,499.5353977440402
2804,624.4865561076207
2805,138.01460547566623
2806,43.52208862330964
2807,13.459952931471285
2808,324.6928566000162
2809,73.94729448486537
2810,803.7699525411147
2811,997.319527161746
2812,61.30382173446402
2813,432.7262759334396
2814,25.73212298257477
2815,133.99089075726323
2816,322.92256091067406
2817,393.69821305764987
2818,939.7829464286401
2819,395.8368087568959
2820,496.27765905740216
2821,245.5833682738664
2822,0.12513875657549356
2823,899.3344567331352
2824,81.71475703630482
2825,964.2488410362291
2826,130.84410410026027
2827,604.8784807504403
2828,999.410587856637
2829,138.46459606967588
2830,423.94308493982425
2831,780.4236689714766
2832,32.190149849968265
2833,689.7827511400445
2834,80.37333789079948
2835,236.52014227322638
2836,160.07616249336044
2837,907.3364316469363
2838,180.45671678168085
2839,40.434095515157196
2840,587.6256784477622
2841,346.180925409702
2842,405.70622064136643
2843,119.06274486254698
2844,748.2344914331945
2845,601.5536496435179
2846,364.21704474828
2847,171.574943763136
2848,593.4517391705604
2849,778.5972795073774
2850,312.3972838671949
2851,25.860383538597098
2852,214.343984752984
2853,682.3978188928293
2854,989.0963774569227
2855,13.376239408776524
2856,306.1535621321008
2857,62.02087044883886
2858,316.3492877630322
2859,405.91434312742126
2860,920.862091946255
2861,80.56079940497874
2862,777.13405306577
2863,395.53439606296337
2864,811.2628496669278
2865,513.4021853256213
2866,39.282038843410085
2867,946.2058847148388
2868,82.73406343452183
2869,597.6835025337562
2870,877.6677629335157
2871,79.76979775019389
2872,553.8933884160128
2873,824.2898755244522
2874,986.3247086457958
2875,724.3274008140213
2876,278.33437546329367
2877,699.5703298454094
2878,705.7667693076394
2879,699.9660121046174
2880,854.2604370931057
2881,87.38006251949093
2882,108.41984541543337
2883,640.6171242255581
2884,953.8810960981879
2885,465.8386389192459
2886,960.5627016256751
2887,938.085259516154
2888,902.9097382343195
2889,909.8509748640853
2890,898.318793327986
2891,819.8893835391822
2892,694.9789586053304
2893,24.408178592608245
2894,132.2535921560525
2895,134.23205453146713
2896,23.540284279589873
2897,116.70176842363666
2898,919.7464335671062
2899,663.804286910786
2900,312.07301829542246
2901,793.36001223668
2902,488.3694869548509
2903,142.12703691587657
2904,884.5020812264927
2905,338.6619462364725
2906,698.8592305298941
2907,290.5941604996074
2908,500.07125067379997
2909,816.2527115304155
2910,156.7773464243677
2911,977.2513952392784
2912,70.2159228607262
2913,534.0089097405041
2914,916.025519351948
2915,945.6938848825254
2916,232.10896287977602
2917,143.9849812148086
2918,724.4030003178909
2919,41.9735682762371
2920,485.23896903031425
2921,796.3552267931819
2922,560.2547245168339
2923,188.01326577400502
2924,487.0442994699632
2925,921.274716448893
2926,617.2129780442767
2927,721.4906275690198
2928,336.2638796625149
2929,188.48377516761772
2930,255.64222989960362
2931,533.1775937602949
2932,280.22015361070373
2933,541.9647874261011
2934,707.7919273761769
2935,734.3958761703014
2936,164.68493966109344
2937,750.4308488338631
2938,672.6881395923591
2939,12.005133368706677
2940,58.87217508975085
2941,646.2495018603803
2942,383.7038995637096
2943,146.10399957566588
2944,44.39655916963326
2945,159.39834067243086
2946,957.5139643216166
2947,727.5656415709697
2948,527.7054209342939
2949,941.5405000545918
2950,619.1104376816039
2951,725.6451882806673
2952,282.6518185058721
2953,588.9818435891958
2954,143.47724429784026
2955,404.4831451977754
2956,33.24032498661011
2957,216.62808758268048
2958,74.86862942267469
2959,387.7788195072314
2960,843.0351646384902
2961,377.93410634505307
2962,831.6396259946433
2963,656.4983125788874
2964,509.52944663082775
2965,236.89169326133052
2966,922.1560928441523
2967,54.20080884203327
2968,688.9130176988153
2969,621.2398928093688
2970,441.04152225652683
2971,240.32095529260533
2972,430.6959368452669
2973,872.7727255534206
2974,836.7661102549541
2975,941.3812499770293
2976,307.793206625248
2977,387.1041583688729
2978,18.726152659863327
2979,942.9499947200081
2980,329.39009181726885
2981,404.1638215329932
2982,907.8046114473946
2983,526.5984301668132
2984,566.174541755478
2985,176.23283815091685
2986,498.66002081865446
2987,918.2086009087742
2988,558.718088107926
2989,255.11636463975807
2990,31.180864134762842
2991,336.301773454068
2992,572.5909140644579
2993,42.61328837083012
2994,609.7925772911562
2995,523.4138271181127
2996,783.4354691665709
2997,28.88817227196183
2998,780.8473448187374
2999,520.8770457581069
3000,370.52933277971147
3001,965.3829763588241
3002,160.11954723605305
3003,541.3251190911064
3004,320.98147359247844
3005,527.4863787953358
3006,552.2754525804121
3007,89.44824842484577
3008,661.1351469183497
3009,634.4814959190118
3010,769.4672746344639
3011,90.658493659171
3012,297.25854690368783
3013,650.1105997281013
3014,136.73082591560848
3015,677.5982107884423
3016,59.02671082042299
3017,334.9315529596277
3018,846.7111223325192
3019,774.2912903811601
3020,644.7607152270879
3021,870.4584166251011
3022,709.2695441722004
3023,519.375105210803
3024,979.7175003857866
3025,694.8560797893196
3026,601.3671768130031
3027,408.8705609535647
3028,902.4124985790504
3029,295.7090956049928
3030,9.219594210902681
3031,196.74052243235997
3032,109.51749194235916
3033,318.99377417307204
3034,825.8786774584551
3035,651.5296853650075
3036,168.98058923371252
3037,788.8217210923385
3038,504.21986609940274
3039,512.7146241182969
3040,362.1121809808733
3041,864.6163648220235
3042,318.32730385579265
3043,94.13976066968866
3044,302.7289939719451
3045,715.3535462678857
3046,657.5818868033289
3047,188.01715355357786
3048,111.78429910494204
3049,660.8657584017463
3050,676.3768356549123
3051,366.1496372105707
3052,842.8013835290798
3053,978.2052037999168
3054,205.6452234493954
3055,577.0687157060283
3056,5.346329003939165
3057,713.0543960262873
3058,414.2821135633178
3059,193.26922690316485
3060,752.2219217643761
3061,810.6487975560807
3062,111.1665011759373
3063,40.99576183803399
3064,334.07844166911724
3065,625.9904657610356
3066,793.4195271886331
3067,546.0624966304576
3068,580.7487763069806
3069,799.8582217528912
3070,528.8433742187593
3071,611.1544902263005
3072,516.2173399765593
3073,880.458233367704
3074,235.51661858508888
3075,263.99358454050935
3076,127.96146160182576
3077,819.4667514944217
3078,411.77729056235734
3079,347.8939408812438
3080,981.3487170871562
3081,926.8033664397855
3082,971.9876821247614
3083,142.29899675869285
3084,891.2518131481662
3085,328.7095993874515
3086,12.656770211862511
3087,391.29833598306874
3088,509.1963531380597
3089,108.22042356740536
3090,537.6776168742563
3091,819.4635841767315
3092,377.65095083919397
3093,352.6448065343022
3094,338.81042023067744
3095,923.094445883692
3096,48.7580987901991
3097,445.0761419929553
3098,264.59945414971685
3099,893.8070253874943
3100,96.05226358380392
3101,411.4427666804108
3102,406.81615203108566
3103,888.3944175470226
3104,215.49344504096945
3105,644.8954103016112
3106,134.40612688778907
3107,953.9757140805427
3108,593.0149592722859
3109,626.2567303206703
3110,433.7734016604722
3111,342.28271266632225
3112,212.67642949487632
3113,603.9877538322589
3114,954.561745348238
3115,359.790954092403
3116,883.1568886620543
3117,148.77631284724967
3118,936.1260208818007
3119,350.4862838980766
3120,379.72721159334566
3121,462.8422570343282
3122,718.2442699476502
3123,719.6534336890352
3124,479.5885847196653
3125,523.1528993139359
3126,30.01048777414117
3127,304.29670155832565
3128,346.01707423060947
3129,558.7272687257594
3130,558.2997673713045
3131,709.8997977278732
3132,717.0272962180809
3133,235.210724212083
3134,770.1871511048247
3135,19.60356804628205
3136,716.1618846067205
3137,102.0611035194231
3138,729.648208421219
3139,527.1180905684043
3140,437.25450068309215
3141,690.6663897614291
3142,36.37083374723271
3143,223.47032567557835
3144,616.440142467654
3145,847.2154066308179
3146,381.10763694511695
3147,258.7614726335571
3148,518.7364357889943
3149,622.3152523868414
3150,420.10303140574644
3151,876.7106826597551
3152,523.4387088600134
3153,35.82358757058501
3154,223.05395470619038
3155,450.64703091781456
3156,697.7255190169334
3157,219.75224379258884
3158,976.2574397174211
3159,318.55825818808347
3160,532.4802068605884
3161,18.966384731041174
3162,884.8907214308044
3163,788.8346535251834
3164,195.45800429559267
3165,933.2366912398429
3166,315.83976379740466
3167,692.186288380117
3168,818.9763180165999
3169,740.9144612371808
3170,917.5827840298412
3171,864.2747603407084
3172,994.61151409161
3173,182.61141257614554
3174,304.7618012267001
3175,636.22586743163
3176,733.0471858915837
3177,534.6050545557092
3178,73.92836488661492
3179,841.595226800382
3180,960.874356021272
3181,405.51684382639473
3182,224.81248169884606
3183,19.313754962087536
3184,237.29903609358527
3185,699.9187748384222
3186,911.5893876727305
3187,93.51306643176582
3188,553.2591871619298
3189,695.5312485118324
3190,276.3808211062686
3191,569.897039170302
3192,715.2484260057729
3193,837.7192431353768
3194,452.4998508199809
3195,747.8572189189606
3196,301.7829717398497
3197,213.04674677215863
3198,187.31374609066742
3199,358.8727318257262
3200,35.87968178884904
3201,282.9918376652497
3202,652.2228244432282
3203,647.9190471601368
3204,73.55380649149123
3205,287.4156170806201
3206,569.5576646779217
3207,318.55213750310287
3208,417.9880241888735
3209,712.810757115764
3210,9.266829456630044
3211,276.39354408843053
3212,142.37224378501668
3213,127.60918276449173
3214,959.040216447247
3215,376.56033156241773
3216,527.0885849096398
3217,733.8218870696326
3218,47.447474860050185
3219,241.02263855769834
3220,832.1477873437125
3221,861.9906131778811
3222,372.95092064080205
3223,374.86159965176824
3224,756.8968771088819
3225,295.07022674986916
3226,117.09408113999808
3227,257.53545024058343
3228,387.34473163577485
3229,52.204709595098265
3230,478.6802542001748
3231,740.0075127727785
3232,513.7451444804616
3233,71.89534051450697
3234,440.14963134595854
3235,708.9046080428327
3236,58.09665399018993
3237,59.847189726888516
3238,370.6014031809827
3239,194.96396412370908
3240,934.7807913084204
3241,581.3436037397431
3242,287.3253994058962
3243,704.7767291149509
3244,374.92905135932887
3245,132.11564437901004
3246,237.2322298435804
3247,642.7472844593757
3248,51.87610599699166
3249,272.6890400480637
3250,208.31147764217462
3251,201.135110676532
3252,682.7624119759711
3253,825.8169167543646
3254,715.8666080642587
3255,645.7278158005122
3256,916.4517718178639
3257,58.39238042429684
3258,167.48308597624074
3259,414.40685567053214
3260,372.45164350386773
3261,418.05160296302245
3262,206.45490504270603
3263,149.50331558022833
3264,509.19324745792807
3265,928.0525240687937
3266,391.969462349917
3267,43.35321411952808
3268,706.1673428895245
3269,291.10490552717494
3270,245.09500730489208
3271,324.2580006979621
3272,723.8155239078762
3273,818.8193868703041
3274,588.0560673389637
3275,322.4787537195516
3276,310.4782331172782
3277,124.30834990546302
3278,933.3010482351946
3279,638.1393989688196
3280,26.974619855864024
3281,662.3670951866807
3282,447.1534241935079
3283,972.5579630469194
3284,819.068824806407
3285,171.31575383279818
3286,720.1111188748664
3287,485.56600383526336
3288,187.04516366992817
3289,698.739907329949
3290,547.3875786942453
3291,30.373878771570496
3292,646.5879505288259
3293,634.9870898624407
3294,144.08516105146262
3295,348.9877269966929
3296,585.8989707510399
3297,138.7830141067299
3298,852.7233778347565
3299,27.486046287703793
3300,102.83741496935494
3301,116.10691985488408
3302,528.1071259750552
3303,620.1140121686253
3304,403.74079650148656
3305,288.6668276681662
3306,809.3173756255574
3307,68.28598372642014
3308,280.2918611327917
3309,39.11557880397076
3310,13.890134966268008
3311,353.37988693220126
3312,194.82366244493198
3313,268.36585483824626
3314,820.9471574549682
3315,162.9800962492214
3316,780.233367151801
3317,675.0506231463636
3318,326.4455251408327
3319,546.5561451762878
3320,444.43560977453876
3321,128.39531549766537
3322,907.1853217341757
3323,569.6179675857601
3324,880.2400457954549
3325,823.8265118132903
3326,79.77592530942323
3327,207.27066601845246
3328,145.2611143748308
3329,830.7795327869187
3330,862.4466264552024
3331,527.9715098083659
3332,104.17807250800692
3333,135.61661854301622
3334,813.5488124382674
3335,929.1901365293303
3336,199.4756851106567
3337,11.13757647217306
3338,330.9529051507779
3339,30.499389647881348
3340,827.974916078038
3341,491.51225722625156
3342,641.8607787630199
3343,411.48487613654214
3344,345.5075470124819
3345,222.20041307608486
3346,770.5325470381457
3347,695.5475844155293
3348,360.7289844960861
3349,321.11613429918293
3350,1.2428786486790022
3351,63.552130045472445
3352,623.2555248926348
3353,514.6073102354617
3354,434.80320448502255
3355,827.5022408016584
3356,503.8982044028466
3357,384.49358140731994
3358,161.25634752498496
3359,820.6880082146192
3360,576.2482501211878
3361,92.45996592275729
3362,648.8983979970758
3363,425.07074548840995
3364,811.3862235879958
3365,918.9145969959962
3366,600.465813176246
3367,731.6128193133665
3368,56.59084760216571
3369,560.2554550011572
3370,755.339978355474
3371,496.7621494781037
3372,593.5500895043372
3373,898.9481855810443
3374,198.09957203119944
3375,98.24650755191189
3376,690.643613139501
3377,822.848905522444
3378,850.4901885825635
3379,641.6444970912203
3380,833.2134181708034
3381,700.6642057232903
3382,87.37691590679076
3383,762.0435078849881
3384,179.35968955032965
3385,236.60934259097277
3386,394.65062699866485
3387,314.5670663263369
3388,321.65173830291207
3389,169.25952420404576
3390,293.87104710954435
3391,19.662589975881772
3392,472.910946688326
3393,768.5909587698068
3394,862.2473692248396
3395,820.4285589594384
3396,416.45771899511317
3397,730.4264811638562
3398,287.89077409521246
3399,55.562472717617936
3400,675.9715253912666
3401,648.796164736406
3402,801.6293954628756
3403,616.1062067028798
3404,156.8916249739164
3405,853.1623920501982
3406,627.2527880187008
3407,807.609699035004
3408,774.1071203760408
3409,297.8644872250884
3410,74.55297485205237
3411,176.50440908958487
3412,92.86233431325076
3413,243.4124320801364
3414,459.532273025993
3415,906.8106049812828
3416,872.0187559206346
3417,718.599815095728
3418,24.112359547825978
3419,341.3892013205535
3420,682.3484264845198
3421,129.02889683906838
3422,801.0878500159087
3423,914.5736799875937
3424,354.1044466378255
3425,705.8430618638334
3426,148.20413266871336
3427,690.8164491130269
3428,21.455412287043284
3429,150.77150681110098
3430,709.88144660867
3431,711.8502228763061
3432,641.1627058451771
3433,477.3640243842032
3434,674.9080911719451
3435,773.8007982887882
3436,966.4816590367437
3437,888.6410315486049
3438,794.5342025661246
3439,694.757516714373
3440,574.1555454323673
3441,120.60882335191624
3442,165.55684209839293
3443,820.2795606708995
3444,803.3129122072206
3445,614.458925973363
3446,438.8401327161534
3447,26.032649823605645
3448,327.1769425285439
3449,420.63965756531786
3450,485.81628617342056
3451,929.3245985612092
3452,108.70939980014282
3453,518.8669197797703
3454,367.92229695827973
3455,990.0981192160516
3456,861.8640162829054
3457,438.78585423892093
3458,999.6956093547604
3459,514.0632464714964
3460,167.1177965914007
3461,555.8746918267145
3462,226.20576580364659
3463,636.312840076252
3464,937.4401748839256
3465,786.1985768350282
3466,273.1636904190552
3467,296.85862496600714
3468,69.28820309031202
3469,285.8678356462774
3470,92.62479967781722
3471,499.44871932564286
3472,708.3470794982576
3473,751.1811614991585
3474,59.52923224817908
3475,339.95589823820205
3476,288.1717665474337
3477,104.30032298733461
3478,362.4713109320057
3479,299.32010913923614
3480,634.4992293392767
3481,883.302663733713
3482,454.8417208732158
3483,746.6651727668185
3484,146.01036711067428
3485,894.9663786438647
3486,152.5947382150923
3487,192.1011805993893
3488,106.46380358767648
3489,309.67950152053646
3490,552.4104467155261
3491,987.9941114063267
3492,793.368034657544
3493,380.43580289198195
3494,575.8460579035705
3495,623.3080309392077
3496,822.7272212473471
3497,736.4517854198004
3498,569.2911269711403
3499,669.1830270396567
3500,745.9176109628996
3501,133.1440591334043
3502,200.45546130537994
3503,688.5842889075168
3504,850.4255619876321
3505,409.2622826997678
3506,979.890322471206
3507,216.07173267337288
3508,416.69928204343887
3509,378.52304346325315
3510,930.2959407264291
3511,285.3785175725395
3512,470.7907780422156
3513,187.23383961532946
3514,521.2662385624438
3515,857.4041694635911
3516,304.0394618905642
3517,810.7920721628283
3518,911.311582175626
3519,72.95788971456363
3520,756.424536319251
3521,255.34343615049082
3522,175.32766253662913
3523,601.122392025036
3524,705.6026162286997
3525,394.7609857352138
3526,39.17370708219059
3527,908.7045241967932
3528,730.7469168474951
3529,271.66680668301467
3530,496.8638557447399
3531,27.792789967078015
3532,339.28278180594185
3533,522.5352355851182
3534,517.2236151162501
3535,208.18487800854112
3536,776.7473661838907
3537,298.86215852664344
3538,580.4100231779727
3539,271.5222255379748
3540,425.1678729867702
3541,207.51462525023024
3542,633.0077925320384
3543,425.5843601413507
3544,16.117304487764272
3545,28.164994016766087
3546,471.13431847142215
3547,183.22586690535437
3548,585.0420481447424
3549,408.19178177202133
3550,654.4198355397227
3551,952.3951740639516
3552,528.7361347952536
3553,787.3786035900996
3554,753.0409963159372
3555,921.7911043238653
3556,214.0178672380062
3557,827.3269707849408
3558,905.5203785046868
3559,392.76298094757766
3560,313.81619459896814
3561,952.0359096782878
3562,627.6328221388679
3563,380.67648524146836
3564,791.8277209316302
3565,304.4739016157151
3566,176.40758606986208
3567,543.9696357977056
3568,566.2120449106034
3569,825.746482267338
3570,457.02735502043004
3571,814.5865395053415
3572,311.32267934833845
3573,575.368202177792
3574,208.4727789007158
3575,385.4459509165964
3576,857.5396978328511
3577,215.98819343575505
3578,810.2394628992678
3579,282.8716578474062
3580,34.48971967945369
3581,109.93457005684625
3582,745.8795453207881
3583,262.07092650214827
3584,654.1455922412722
3585,699.1989027572331
3586,345.1184644346849
3587,474.91898721114023
3588,403.7670904558106
3589,947.3489963545339
3590,319.94886235158737
3591,183.32304222496077
3592,365.59284287557824
3593,669.5157076020122
3594,697.3626903614653
3595,924.0573153600069
3596,881.7544848758092
3597,288.32052041727553
3598,455.1632489675964
3599,747.268988183434
3600,916.5372806020251
3601,337.16501285689185
3602,444.44143417699587
3603,899.4782704536088
3604,358.4838731584227
3605,480.51298619173576
3606,904.5041412180789
3607,802.2432179898482
3608,243.4309250098028
3609,324.79506541193336
3610,352.9587274593391
3611,912.7384734310598
3612,998.9337371045391
3613,774.00430215544
3614,484.3263024935066
3615,10.173818067478969
3616,697.4880565979574
3617,389.36116449778467
3618,632.9864702286054
3619,606.6939634624288
3620,480.8320565743873
3621,944.387397726323
3622,23.14634535534166
3623,712.1324844725882
3624,409.83986829954597
3625,713.7904504916113
3626,675.219647539632
3627,10.238002575995386
3628,285.33849517467127
3629,189.09152050378043
3630,166.98635294249232
3631,728.4766841211327
3632,239.5513490931246
3633,474.73761498730084
3634,246.98899528567952
3635,580.2338234353299
3636,720.573768059968
3637,331.0747386981765
3638,603.020848287122
3639,824.854774413739
3640,94.22428516449166
3641,710.6705990412712
3642,323.14494443538024
3643,122.64995652494426
3644,545.6542076143488
3645,226.26231926773178
3646,821.3617926691577
3647,42.895909531076136
3648,98.65289627089746
3649,520.9961259858169
3650,588.9417840769568
3651,729.8866645227469
3652,259.2607282521938
3653,841.7604082132918
3654,953.1423397737832
3655,499.0393035948636
3656,760.5313649698012
3657,524.8483545437928
3658,69.46702941221061
3659,326.1115128426211
3660,87.486689627015
3661,988.8791192550135
3662,229.02591207337719
3663,635.9004194157187
3664,284.3451019449373
3665,653.2462153559259
3666,210.40169087048244
3667,785.2700659100745
3668,110.81160283663549
3669,895.1504000902802
3670,840.4216925407944
3671,678.8073436383855
3672,67.41462714284785
3673,208.5690283289283
3674,859.361595691076
3675,121.97443430259514
3676,155.93209630802008
3677,544.0033237555208
3678,274.1774396743437
3679,222.0756999439295
3680,575.8134318481806
3681,372.57667645802906
3682,140.55989676966874
3683,534.8537675454644
3684,387.01240327862274
3685,734.5167742737693
3686,102.7554423205892
3687,620.6132439459739
3688,436.4933269432477
3689,406.0618750524041
3690,232.2876880083412
3691,30.42602820271112
3692,847.6891943646455
3693,326.4100860344259
3694,681.0910397298471
3695,947.5873997767073
3696,564.9902980821316
3697,397.1469025198663
3698,268.2735663487037
3699,934.0437926474933
3700,682.0768180511428
3701,665.2813932565596
3702,426.158325145277
3703,845.0487128674307
3704,713.6721870094871
3705,283.1832717810161
3706,599.578660025048
3707,430.19395460126566
3708,6.590162829713031
3709,807.6234315017974
3710,122.8303489197008
3711,509.95450600261415
3712,336.2261930848156
3713,342.0890412006775
3714,477.364883413808
3715,997.023104019745
3716,408.37968063147576
3717,182.3292298165724
3718,613.6063380493689
3719,236.28770803952125
3720,105.54913671295041
3721,50.17417206592911
3722,22.88127401968387
3723,431.16464831106373
3724,426.72577987339366
3725,185.54540007795296
3726,784.0190537712093
3727,129.27062791987876
3728,915.3171926393024
3729,587.5759776432724
3730,27.616376104929618
3731,962.9726257427166
3732,307.9412595458536
3733,449.9749595778534
3734,284.26869299455217
3735,728.4212980337775
3736,485.6802207195386
3737,132.3729594025026
3738,104.2039523594538
3739,725.3754133245748
3740,237.0814049312715
3741,137.79337463847253
3742,499.4275969978428
3743,802.7652875363041
3744,278.78274587313047
3745,276.43161170080776
3746,833.8812602603768
3747,147.83379456878265
3748,616.7275917865472
3749,955.0134829825855
3750,841.3031495773075
3751,61.8152337797292
3752,319.9108765616254
3753,142.37446559261636
3754,949.2406376871397
3755,985.9415662220812
3756,234.9930205400379
3757,669.6990448287526
3758,841.6317320471184
3759,233.68028441447652
3760,187.68063432097748
3761,11.211023247280295
3762,411.9624569415259
3763,899.4374623947165
3764,902.9796490563489
3765,127.74312750901629
3766,204.35248052839495
3767,408.0473309345336
3768,780.6245451637019
3769,611.8514835317286
3770,513.8497435202164
3771,591.9318842226031
3772,96.19969380229665
3773,477.66364225490696
3774,992.0632895391284
3775,88.44614693908781
3776,519.2466776348864
3777,295.6492616573746
3778,539.913296861959
3779,573.8187600337467
3780,577.4728981194759
3781,852.2087853108866
3782,389.7474146736609
3783,516.3541626664959
3784,10.928398967748553
3785,789.5506015797667
3786,259.4877073758529
3787,816.5550240405164
3788,265.6386663803172
3789,10.788496262492231
3790,154.83131819344675
3791,985.6829025721679
3792,319.80124594798855
3793,108.82390201274717
3794,118.75880362575053
3795,310.3427140572238
3796,37.64504111676303
3797,511.48858812195374
3798,213.74091548932017
3799,519.3106413968723
3800,140.76421869922018
3801,429.85722901749233
3802,597.9168584012446
3803,61.99993833810802
3804,398.74930925105855
3805,302.52382098968775
3806,240.35981648863404
3807,604.5346260844965
3808,588.5419857654073
3809,630.6998066776936
3810,158.88267043252137
3811,285.70924486232775
3812,209.67877799507872
3813,540.5036049978419
3814,461.0656892096163
3815,330.29373759275006
3816,786.0148088684331
3817,93.9737444083828
3818,974.8966887556421
3819,116.54407781531873
3820,773.0708125683694
3821,368.23018916083186
3822,865.2622291318056
3823,74.16994878416206
3824,374.7217101923378
3825,335.4434065002363
3826,993.1570382255354
3827,985.5489948896255
3828,189.80395866638798
3829,629.9469606983389
3830,535.5194199109402
3831,154.37349124073873
3832,167.77970610442304
3833,989.2517284795547
3834,452.7299936209327
3835,125.8012920000735
3836,214.79003873925427
3837,268.3480672485496
3838,510.9172633186193
3839,335.5481295063093
3840,455.011785889921
3841,166.49955110136273
3842,326.7286905875062
3843,70.31659271775403
3844,889.7102734758488
3845,198.75247716857825
3846,756.9001354287388
3847,349.551788203346
